population	document	page	ours_ns	theirs_ns	share	hung
ia-americana	16isntalwaysswee00cass.pdf	0	0	0	-1.000000	-
ia-americana	18800103PDiesusedfor1878and1879.pdf	1	204422666	630010917	0.000146	-
ia-americana	1933-06-16_Northfield-Herald.pdf	1	574446333	2304529917	0.021909	-
ia-americana	1943-03-12_Northfield-Press.pdf	1	586381000	2210820667	0.007034	-
ia-americana	1944-01-28_Northfield-Press.pdf	1	554532875	2081492625	0.014490	-
ia-americana	19490909-Sea_Coast_Echo.pdf	1	672555375	2225782875	0.009416	-
ia-americana	19511011-Hancock_County_Eagle.pdf	1	447597250	1320786458	0.059978	-
ia-americana	19511012-Sea_Coast_Echo.pdf	1	656054750	2337767917	0.030520	-
ia-americana	1952-10-29_Regular_Meeting.pdf	1	14552458	85388417	0.000421	-
ia-americana	19530213-Sea_Coast_Echo.pdf	1	352729166	1495243583	0.038349	-
ia-americana	19530326-Hancock_County_Eagle.pdf	1	407496750	2354519291	0.039445	-
ia-americana	1955_Correspondence.pdf	1	1200790416	1857667334	0.000126	-
ia-americana	19610928-Sea_Coast_Echo.pdf	1	369411459	1128640334	0.034523	-
ia-americana	19890212-Sea_Coast_Echo.pdf	1	265550958	846533833	0.018888	-
ia-americana	19890223-Sea_Coast_Echo.pdf	1	244333792	853907458	0.026882	-
ia-americana	19890409-Sea_Coast_Echo.pdf	1	282638000	1435603458	0.013903	-
ia-americana	19890810-Sea_Coast_Echo.pdf	1	256738333	962923000	0.023907	-
ia-americana	19890924-Sea_Coast_Echo.pdf	1	211289083	769324125	0.014772	-
ia-americana	1989goodspeedsbooksho.pdf	1	675609417	1377457166	0.002825	-
ia-americana	19900719-Sea_Coast_Echo.pdf	1	219028542	636748291	0.032832	-
ia-americana	1990censusofpopu421unse.pdf	1	451652458	489927708	0.000131	-
ia-americana	1990censusofpopu455unse.pdf	1	515567334	875581208	0.000004	-
ia-americana	19910120-Sea_Coast_Echo.pdf	1	230104291	1114380833	0.017239	-
ia-americana	1992-5-on-campus.pdf	1	51918417	529717750	0.000217	-
ia-americana	19920112-Sea_Coast_Echo.pdf	1	212414750	668842333	0.024893	-
ia-americana	19921004-Sea_Coast_Echo.pdf	1	259769125	948447000	0.017935	-
ia-americana	19930509-Sea_Coast_Echo.pdf	1	212315833	893393125	0.020319	-
ia-americana	1994-09-01_W5YI_Report.pdf	1	249258000	1045986084	0.000027	-
ia-americana	1995-2-on-campus.pdf	1	52003667	590575959	0.000638	-
ia-americana	1995-lutheran-memb.-0001.pdf	1	250204708	1250643166	0.004191	-
ia-americana	19951019-Sea_Coast_Echo.pdf	1	231543750	984573584	0.037132	-
ia-americana	19960314-Sea_Coast_Echo.pdf	1	205211667	709327125	0.017869	-
ia-americana	1997-04-01_W5YI_Report.pdf	1	242040458	765626500	0.000017	-
ia-americana	1997-12_Garzette.pdf	1	528301291	897719000	0.005146	-
ia-americana	19970304-spa-letter-refusing-emergency-access-for-pinehurst.pdf	1	119574541	313407167	0.013625	-
ia-americana	19970629-Sea_Coast_Echo.pdf	1	249830417	549389167	0.010643	-
ia-americana	1997supplementco1997gunt.pdf	0	0	0	-1.000000	-
ia-americana	1998-02-15_W5YI_Report.pdf	1	260098667	859528500	0.000749	-
ia-americana	19980702greyadvertisingtosupport50statescommemorativequarters.pdf	1	141326834	127724708	0.000060	-
ia-americana	19981105-Sea_Coast_Echo.pdf	1	264870250	804944750	0.026590	-
ia-americana	1999-10_Garzette.pdf	1	539448000	922674125	0.000879	-
ia-americana	19990131-Sea_Coast_Echo.pdf	1	237806916	696454459	0.015978	-
ia-americana	19990401-Sea_Coast_Echo.pdf	1	270165625	867437417	0.015421	-
ia-americana	19990516-Sea_Coast_Echo.pdf	1	275395250	817709750	0.021556	-
ia-americana	19990805-Sea_Coast_Echo.pdf	1	262723500	880558625	0.017768	-
ia-americana	1999_SeaPac_Booklet.pdf	1	15038750	236472792	0.007143	-
ia-americana	1999youcanaddanhistoric68.pdf	1	383558333	442541666	0.009055	-
ia-americana	2000-02-01_W5YI_Report.pdf	1	247831792	899344334	0.000002	-
ia-americana	20000713usmintannouncesdesigncompetitionforuscapitolvisitorcentercommemorativecoins.pdf	1	142154750	151373750	0.000062	-
ia-americana	20000809onehundredandfivedesignssubmittedforuscapitolvisitorcentercommemorativecoins.pdf	1	150303500	107306709	0.000060	-
ia-americana	2001thelimitededition2001.pdf	1	300476125	568227625	0.010151	-
ia-americana	2002.BJChronicle.JewellHS.pdf	1	779819750	1303738667	0.000002	-
ia-americana	2002.BJChronicle.JewellHS.pdf	1	850046209	1308105917	0.000002	-
ia-americana	2002johnseverinicorr.pdf	1	1009219750	3024877834	0.000000	-
ia-americana	2002theunitedstatesmint2002.pdf	1	327823958	419634250	0.003861	-
ia-americana	20030323-Sea_Coast_Echo.pdf	1	200012917	617287666	0.003556	-
ia-americana	20030323-Sea_Coast_Echo.pdf	1	198925167	613966125	0.003556	-
ia-americana	20030814unitedstatesminttakesfastactiontocorrectmisprintedcertificatesofauthenticity.pdf	1	133923625	111501416	0.000074	-
ia-americana	200406082004unitedstatesmintuncirculatedcoinsetavailablejune22.pdf	1	145453291	110702542	0.000062	-
ia-americana	20040722-Sea_Coast_Echo.pdf	1	217529167	870452291	0.015484	-
ia-americana	200501072005goldendollarskennedyhalfdollarsavailablejanuary24.pdf	1	89604792	153363417	0.000060	-
ia-americana	20050330thousandstocelebratelandof10000lakesquarter.pdf	1	74528750	131814542	0.000060	-
ia-americana	20050728-Sea_Coast_Echo.pdf	1	242305209	657201458	0.018549	-
ia-americana	20050909-Sea_Coast_Echo.pdf	1	225085292	522412500	0.011939	-
ia-americana	20051030-Sea_Coast_Echo.pdf	1	243407542	594423708	0.016470	-
ia-americana	20051110-Sea_Coast_Echo.pdf	1	232306125	597644875	0.013074	-
ia-americana	20070425bronzemedalshonoringgolferbyronnelsonavailableapril26fromtheunitedstatesmint.pdf	1	145161791	109421917	0.000060	-
ia-americana	23460370RX9.nlm.nih.gov.pdf	1	838437250	2298418125	0.000000	-
ia-americana	7thannualpikespe00pike_0.pdf	1	742242125	772562666	0.000029	-
ia-americana	DOC0686_1966-10-13.pdf	1	1029974583	1976829458	0.000000	-
ia-americana	DOC2847_1974-07-18.pdf	1	830407916	1950985958	0.000000	-
ia-americana	DOC4503_1984-09-27.pdf	1	857567333	1833017958	0.000047	-
ia-americana	DOC5233_1989-09-28_0.pdf	1	889826708	1728041166	0.000031	-
ia-americana	FWCityCouncil-Ordinance-S-96-12-07.pdf	1	501729833	1208455417	0.001707	-
ia-americana	FWCityCouncil-Ordinance-S-97-02-01.pdf	1	517196084	1203183208	0.003315	-
ia-americana	MS_97_VT_Foundry_Dec1885.pdf	1	1153665000	3608164958	0.000000	-
ia-americana	NewarkEagles0202017.pdf	1	690134000	1079511084	0.003914	-
ia-americana	NewarkEagles0311024.pdf	1	448074583	525357875	0.007564	-
ia-americana	SS01_S01_B12_F45_251.pdf	1	37166958	168644833	0.004651	-
ia-americana	TAPR_Packet_Status_Register_080.pdf	1	39582291	284784875	0.006856	-
ia-americana	Valley_of_the_Moon_Wireless_2017-05.pdf	1	42344500	137415083	0.004454	-
ia-americana	YaleBroadcastingCompanyPoster-EdwardL.Bernays10.4.1955.pdf	1	876969875	917998084	0.000396	-
ia-americana	adjustmentblindn00lest.pdf	0	0	0	-1.000000	-
ia-americana	americanjournalo0067unse_no2.pdf	0	0	0	-1.000000	-
ia-americana	annualreportlitt00litt_84.pdf	1	653467042	1351422166	0.000004	-
ia-americana	annualreportofof1884unse.pdf	1	607213750	677115250	0.002585	-
ia-americana	artconfrontation00cass_0.pdf	0	0	0	-1.000000	-
ia-americana	arteafricaecrist0000bruz.pdf	0	0	0	-1.000000	-
ia-americana	baseballsta1973100robi.pdf	0	0	0	-1.000000	-
ia-americana	blodgettwilliamt00amer.pdf	1	304253333	692658375	0.000363	-
ia-americana	boat-anchors_2007-12-07_4117.pdf	1	9212625	58758625	0.000000	-
ia-americana	bub_gb_axNXAAAAMAAJ.pdf	1	265870125	473142166	0.005406	-
ia-americana	bub_gb_kBgUAQAAIAAJ.pdf	1	115758667	295003792	0.000051	-
ia-americana	bub_gb_lcxEAQAAMAAJ.pdf	1	130129958	256913791	0.003587	-
ia-americana	bub_gb_uLlDAAAAIAAJ.pdf	1	114513917	150492875	0.006278	-
ia-americana	ca703jtanis.pdf	1	254467541	415974291	0.001867	-
ia-americana	caargm_000352.pdf	1	487985333	1409430500	0.000002	-
ia-americana	caargm_000783.pdf	1	792666458	1500196500	0.000260	-
ia-americana	cabepcc_000084.pdf	1	1088904792	1846754875	0.001771	-
ia-americana	cabrbhc_000041.pdf	1	349919500	569330041	0.000083	-
ia-americana	cabrbhc_000069.pdf	1	396491166	581082792	0.005382	-
ia-americana	cabrbhc_000190.pdf	1	286411625	830941375	0.002305	-
ia-americana	cacblm_001288.pdf	1	308049458	1150561792	0.004580	-
ia-americana	cacblm_001805.pdf	1	305409875	1094237417	0.003260	-
ia-americana	cacblm_001829.pdf	1	308748584	1189595958	0.002612	-
ia-americana	cacblm_002013.pdf	1	350770583	1378334958	0.006317	-
ia-americana	cacmal_000065.pdf	1	461060417	4870229000	0.008454	-
ia-americana	cacmal_000157.pdf	1	681297250	4488847542	0.000268	-
ia-americana	cafrwtm_002369.pdf	1	209354708	514421375	0.000000	-
ia-americana	cafrwtm_002680.pdf	1	48243959	82860333	0.000000	-
ia-americana	calauem_004616.pdf	1	245569125	633744083	0.002888	-
ia-americana	calauem_004955.pdf	1	345675875	731485958	0.002712	-
ia-americana	calauem_005067.pdf	1	368016000	706277375	0.006030	-
ia-americana	calauem_005178.pdf	1	81958125	109636333	0.005970	-
ia-americana	calauem_005252.pdf	1	102811000	285273625	0.005411	-
ia-americana	calauem_005542.pdf	1	380794417	676910625	0.003384	-
ia-americana	calauem_007103.pdf	1	17176958	102428417	0.001052	-
ia-americana	calcflh_000370.pdf	1	114556084	160116000	0.004494	-
ia-americana	calcflh_000611.pdf	1	162218250	196754000	0.019199	-
ia-americana	calgrhs_000401.pdf	1	170157334	349731042	0.001637	-
ia-americana	calgrhs_000907.pdf	1	191463792	181440167	0.003530	-
ia-americana	camtrjac_000020.pdf	1	90458583	124220875	0.010700	-
ia-americana	canadian-moving-picture-digest-1938-12-03.pdf	1	846546583	1584193584	0.000000	-
ia-americana	canon-law-abstracts_july-december-1961_8.pdf	1	245494500	303969500	0.000000	-
ia-americana	caolca_000043.pdf	1	144051375	638088500	0.001363	-
ia-americana	caolca_000380.pdf	1	191218125	207963875	0.000014	-
ia-americana	casfc_000090.pdf	1	273832834	456926125	0.000000	-
ia-americana	casfmta_000160.pdf	1	495285166	1332035500	0.011569	-
ia-americana	casfuahc_000946.pdf	1	414184708	1313848125	0.010652	-
ia-americana	casfuahc_001102.pdf	1	672343916	1863895833	0.003592	-
ia-americana	casfuahc_001459.pdf	1	576291500	1599848583	0.004479	-
ia-americana	catrmkp_000317.pdf	1	364793709	1362680458	0.002693	-
ia-americana	catruhs_000458.pdf	1	338727416	546508792	0.001217	-
ia-americana	catruhs_000546.pdf	1	325006625	596331500	0.000742	-
ia-americana	catspawfamoustri00nize.pdf	0	0	0	-1.000000	-
ia-americana	cavgchm_000390.pdf	1	197410958	856056041	0.002581	-
ia-americana	cavgchm_000422.pdf	1	260875792	1062778083	0.000000	-
ia-americana	cavgchm_001753.pdf	1	933805208	1995563166	0.000000	-
ia-americana	cavgchm_002138.pdf	1	870202792	2049655041	0.002155	-
ia-americana	cdc_002360.pdf	1	599400458	2650526917	0.002981	-
ia-americana	chiefsofstatecab7523wash.pdf	1	374570625	610511250	0.000654	-
ia-americana	christian-world_1856-02_7_2.pdf	1	216857625	262970792	0.000000	-
ia-americana	cio1211unse_1.pdf	1	430251083	1829751458	0.000354	-
ia-americana	claphila_000057.pdf	1	235687292	1516247750	0.002408	-
ia-americana	claphila_000194.pdf	1	14104208	34447792	0.000000	-
ia-americana	clobs_000186.pdf	1	649110917	1231873875	0.001798	-
ia-americana	clobs_000497.pdf	1	610981417	1280825333	0.002972	-
ia-americana	clobs_000567.pdf	1	547975500	1258385125	0.003254	-
ia-americana	clobs_000695.pdf	1	608483167	1284541875	0.000007	-
ia-americana	cmen_000235.pdf	1	507544916	2286783708	0.001752	-
ia-americana	cmen_000538.pdf	1	435373416	1832313334	0.004195	-
ia-americana	cna_001541.pdf	1	190253291	461795667	0.006195	-
ia-americana	cna_001584.pdf	1	93707000	188114667	0.009947	-
ia-americana	com.hadleyso.qsla-URN17145.pdf	1	86081250	107860584	0.000049	-
ia-americana	com.hadleyso.qsla-URN17172.pdf	1	83026250	91795084	0.000147	-
ia-americana	com.hadleyso.qsla-URN229.pdf	1	23058667	144874083	0.000848	-
ia-americana	com.hadleyso.qsla-URN5769.pdf	1	69166334	79683292	0.000180	-
ia-americana	com.hadleyso.qsla-URN7037.pdf	1	70293042	107754833	0.006714	-
ia-americana	com.hadleyso.qsla-URN8361.pdf	1	69981375	79630000	0.006126	-
ia-americana	complotmanqueiem00unse.pdf	1	171091208	733006000	0.011752	-
ia-americana	contemporaryreli0002unse.pdf	0	0	0	-1.000000	-
ia-americana	correspondanceav00brar.pdf	1	191706250	524311125	0.008763	-
ia-americana	cpla_000311.pdf	1	596991583	1736909334	0.000311	-
ia-americana	cpla_000491.pdf	1	595265875	1653942417	0.010938	-
ia-americana	cpla_000513.pdf	1	609993834	1770414459	0.002672	-
ia-americana	cpla_000736.pdf	1	670438125	1792961375	0.006103	-
ia-americana	cpomcp_000141.pdf	1	230313500	489861958	0.003209	-
ia-americana	cq-tv005.pdf	1	49362125	208475459	0.005188	-
ia-americana	cric_007224.pdf	1	665491708	1850836375	0.000324	-
ia-americana	cricmt_000978.pdf	1	105752625	314535375	0.006167	-
ia-americana	cricmt_001073.pdf	1	460131875	699446750	0.000085	-
ia-americana	cricmt_001078.pdf	1	508882166	864411042	0.008328	-
ia-americana	cricmt_001092.pdf	1	519490792	841994292	0.010011	-
ia-americana	csbrp_000354.pdf	1	135540916	4865681375	0.001518	-
ia-americana	csbrp_000371.pdf	1	46172125	97175167	0.004532	-
ia-americana	csfmma_000201.pdf	1	185444583	637615750	0.004084	-
ia-americana	csfsc_000085.pdf	1	302526917	499015292	0.003106	-
ia-americana	csfst_001128.pdf	1	227634333	1313935625	0.006339	-
ia-americana	csfst_001156.pdf	1	243543667	1428794292	0.008716	-
ia-americana	csfst_001171.pdf	1	233159625	1383426209	0.007744	-
ia-americana	csfst_004473.pdf	1	76286292	389311708	0.001289	-
ia-americana	csie_001358.pdf	1	511443708	2033960375	0.004049	-
ia-americana	csjvwd_001292.pdf	1	18820500	119921042	0.013142	-
ia-americana	css_001872.pdf	1	224608500	1206742000	0.001647	-
ia-americana	css_004595.pdf	1	809525125	2355819834	0.000147	-
ia-americana	cum_000358.pdf	1	842740125	2316311583	0.003415	-
ia-americana	cupl_004633.pdf	1	500144750	1705829000	0.001813	-
ia-americana	cvicl_004516.pdf	1	289260917	957532958	0.000011	-
ia-americana	cwats_000431.pdf	1	80470625	906569250	0.001128	-
ia-americana	diehochzeitdesku00rank.pdf	1	541047542	1134065625	0.003756	-
ia-americana	documentaryhisto0000letw.pdf	0	0	0	-1.000000	-
ia-americana	dxld2018-32.pdf	1	9760125	60493958	0.000000	-
ia-americana	environmentalvac00ocko.pdf	0	0	0	-1.000000	-
ia-americana	evaluationofintr17unse_0.pdf	1	432490666	790737375	0.000364	-
ia-americana	fcc_ecfs-10411208906746.pdf	1	10071458	73131959	0.000334	-
ia-americana	fellowship-review_1961-12_30.pdf	1	495092500	639858042	0.000428	-
ia-americana	fieldtestofexper00kemp.pdf	1	305275333	722865167	0.000110	-
ia-americana	frenchinheartam00finlgoog.pdf	1	48641875	111722417	0.002065	-
ia-americana	frick-31072001992322.pdf	1	55418792	148244083	0.000000	-
ia-americana	frick-31072003082932.pdf	1	53387125	137492416	0.000000	-
ia-americana	fuldauerlon1924m00amer.pdf	1	392920416	600078584	0.000000	-
ia-americana	gayspeakjune198900pike_0.pdf	1	879544583	1267025250	0.000078	-
ia-americana	goldenlotus0000vari_o4r1.pdf	0	0	0	-1.000000	-
ia-americana	guidetoreligious0000unse_l6x7.pdf	0	0	0	-1.000000	-
ia-americana	headinjuryfamily00dell.pdf	0	0	0	-1.000000	-
ia-americana	helenkellerachie00amer.pdf	0	0	0	-1.000000	-
ia-americana	iowatrans23iowa.pdf	0	0	0	-1.000000	-
ia-americana	kentuckycolonels03unse_1.pdf	1	714611041	1446072458	0.000014	-
ia-americana	lifeofhernandoco02help.pdf	1	470753709	490719166	0.005038	-
ia-americana	linacre-quarterly_1960-11_27_4.pdf	0	0	0	-1.000000	-
ia-americana	living-church_1895-06-08_18_10.pdf	1	708733000	944023750	0.000649	-
ia-americana	living-church_1944-04-30_108_18.pdf	0	0	0	-1.000000	-
ia-americana	lostatsea00patr.pdf	0	0	0	-1.000000	-
ia-americana	lutheran_1955-07-27_37_43.pdf	1	288646459	434261167	0.002978	-
ia-americana	materialsresearc8020schn.pdf	1	305698458	549238875	0.000123	-
ia-americana	mathematicsaddit00unse.pdf	1	678559958	1590740500	0.000000	-
ia-americana	migrationnews1965unse_no5.pdf	0	0	0	-1.000000	-
ia-americana	mission-1910_1913-09.pdf	1	259338917	536403333	0.000052	-
ia-americana	monthlyreview0064unse_d0a0.pdf	0	0	0	-1.000000	-
ia-americana	nationalreviewdec81956unse_z0s8.pdf	0	0	0	-1.000000	-
ia-americana	newsunitedstates1985unse.pdf	1	398149209	1175533250	0.002293	-
ia-americana	nrc_DX_News_25_12.pdf	1	37799167	177193792	0.011529	-
ia-americana	nrcverification-dthomas-FL-WFOY.pdf	1	95145541	248541833	0.000539	-
ia-americana	nrcverification-morss-PA-WEZN.pdf	1	194583292	1078427875	0.000292	-
ia-americana	openingourdoors00hand.pdf	1	632828125	621563458	0.004513	-
ia-americana	originalguidet00wayn.pdf	0	0	0	-1.000000	-
ia-americana	poplarleaf1119unse.pdf	1	701973375	1123681000	0.000415	-
ia-americana	problemstrendsin0000geor.pdf	0	0	0	-1.000000	-
ia-americana	proceedingsofmic00unse_2.pdf	0	0	0	-1.000000	-
ia-americana	rarsexciteraug2000unse_3.pdf	1	782764250	827124000	0.000000	-
ia-americana	rarsmay197000unse.pdf	1	700223625	1640034959	0.000000	-
ia-americana	rg104entry21718630227Oregonmintnotneeded.pdf	1	110730625	350650208	0.000536	-
ia-americana	rg104entry21718631008NOUSflagsmadeforMint.pdf	1	208999500	197070125	0.001692	-
ia-americana	rg104entry21718670619new5centdesign.pdf	1	56597083	188661167	0.004668	-
ia-americana	riteofinstitutio0000unse.pdf	0	0	0	-1.000000	-
ia-americana	sacredjourneyjou522vari.pdf	1	658350208	601331625	0.000189	-
ia-americana	sacredjourneyjou541vari.pdf	1	619638042	587262500	0.000005	-
ia-americana	sacredjourneyjou604vari.pdf	1	632725542	584194208	0.000308	-
ia-americana	sarlnuus_20161022.pdf	1	20959417	63347583	0.000000	-
ia-americana	sarlnuus_20190622.pdf	1	27759291	70183875	0.000004	-
ia-americana	sim_unitarian-register-and-the-universalist-leader_christian-register_1825-06-25_4_25.pdf	1	10773667	2785510791	0.416482	-
ia-americana	sim_unitarian-register-and-the-universalist-leader_christian-register_1847-04-17_26_16.pdf	1	16374917	2701386875	0.409167	-
ia-americana	societyforprotec00soci.pdf	1	674126084	988238875	0.000000	-
ia-americana	soyouwanttodosci00bell.pdf	0	0	0	-1.000000	-
ia-americana	stewartmacmaster15unse_0.pdf	1	355834666	226445500	0.000000	-
ia-americana	supplementau00pari.pdf	1	446204583	511898583	0.000020	-
ia-americana	teachers-guide_1873-01_1_4.pdf	1	277226250	527314917	0.000096	-
ia-americana	wbarbarnardcolle00unse.pdf	1	812492625	1161874625	0.000000	-
ia-americana	weathersatellite00unse.pdf	0	0	0	-1.000000	-
ia-americana	yr-ymofynnydd_1863-06_54.pdf	1	250357416	400919083	0.000005	-
ia-biodiversity	CAT31349454.pdf	1	258780292	399614583	0.000759	-
ia-biodiversity	barsinepodbolot768spit.pdf	1	321223584	451496709	0.002216	-
ia-biodiversity	bartonia66phil.pdf	1	534617250	1195983833	0.000001	-
ia-biodiversity	bauundlebenunser00bsuoft.pdf	1	257939083	278263250	0.006423	-
ia-biodiversity	betadiversitypa817qinj.pdf	1	332442125	458070458	0.001664	-
ia-biodiversity	bibliotecaitalia23mila.pdf	1	91972208	131299458	0.014118	-
ia-biodiversity	bibliotecaitalia29mila.pdf	1	94082667	121437541	0.017614	-
ia-biodiversity	bibliotecaitalia47mila.pdf	1	100624459	141272875	0.013260	-
ia-biodiversity	bibliotecaitalia48mila.pdf	1	84629917	147960375	0.008993	-
ia-biodiversity	bibliotecaitalia74mila.pdf	1	91830875	121555834	0.017932	-
ia-biodiversity	bibliotecaitalia90mila.pdf	1	86577375	135353416	0.018574	-
ia-biodiversity	bibliothquecon03chen.pdf	1	255263625	444818834	0.000000	-
ia-biodiversity	bibliothqueuni06univ.pdf	1	102204458	146043125	0.000000	-
ia-biodiversity	bibliothqueuni42scie.pdf	1	88367833	109295750	0.000000	-
ia-biodiversity	bidragtillkn33suom.pdf	1	207538042	248064125	0.009911	-
ia-biodiversity	bidragtillkn35suom.pdf	1	250002875	243894750	0.021825	-
ia-biodiversity	bidragtillknne00falc.pdf	1	166624333	228363542	0.098982	-
ia-biodiversity	bidragtillknne00luth.pdf	1	173004791	193935584	0.000678	-
ia-biodiversity	bugvsbugnaturesm01isaa.pdf	1	619051125	566185583	0.000000	-
ia-biodiversity	bulletin07081984east.pdf	1	402195375	486543708	0.004501	-
ia-biodiversity	bulletin1021932smit.pdf	1	425132500	400444584	0.000000	-
ia-biodiversity	bulletin106nati.pdf	1	746304542	1035410334	0.000000	-
ia-biodiversity	bulletin114nati.pdf	1	376332458	1056603375	0.000048	-
ia-biodiversity	bulletin151nati.pdf	1	728159125	1167844000	0.000115	-
ia-biodiversity	bulletin1901964smit.pdf	1	305697000	400597208	0.006026	-
ia-biodiversity	bulletin220nati.pdf	1	409875083	619848958	0.000821	-
ia-biodiversity	bulletin223nati.pdf	1	426626500	698802250	0.004942	-
ia-biodiversity	bulletin2420unse.pdf	1	239798500	464615083	0.003055	-
ia-biodiversity	bulletin24unit.pdf	1	297997000	378333417	0.000046	-
ia-biodiversity	bulletin33virg.pdf	1	311404542	513582542	0.020030	-
ia-biodiversity	bulletin43peab.pdf	1	334510542	448523500	0.003101	-
ia-biodiversity	bulletin57nati.pdf	1	192661333	1221346875	0.004537	-
ia-biodiversity	bulletin68nati.pdf	1	192936583	996383041	0.004180	-
ia-biodiversity	bulletin69nati.pdf	1	213033333	491804667	0.009345	-
ia-biodiversity	bulletin71unit_0.pdf	1	281889167	281881458	0.001108	-
ia-biodiversity	bulletin911929smit.pdf	1	479666125	476422750	0.000016	-
ia-biodiversity	bulletinchicagov34nchici.pdf	1	523467458	920644250	0.006524	-
ia-biodiversity	bulletinchicagov36nchicd.pdf	1	506108291	597223250	0.009482	-
ia-biodiversity	bulletinchicagov36nchicf.pdf	1	509650166	800344208	0.004670	-
ia-biodiversity	bulletinchicagov36nchich.pdf	1	505095375	585511500	0.015392	-
ia-biodiversity	bulletinchicagov37nchicc.pdf	1	513745542	656100666	0.005594	-
ia-biodiversity	bulletinchicagov43nchic.pdf	1	500879958	585006541	0.015336	-
ia-biodiversity	bulletinchicagov45nchich.pdf	1	501077750	592867791	0.011000	-
ia-biodiversity	bulletinchicagov48nchicg.pdf	1	520252667	647662292	0.016269	-
ia-biodiversity	bulletinchicagov50nchicf.pdf	1	520334167	646602584	0.006552	-
ia-biodiversity	bulletinchicagov50nchich.pdf	1	514426750	592914583	0.006731	-
ia-biodiversity	bulletinchicagov53nchicd.pdf	1	501751084	591495000	0.005297	-
ia-biodiversity	bulletinchicagov53nchice.pdf	1	622309667	610365208	0.004741	-
ia-biodiversity	bulletinchicagov54nchica.pdf	1	499567375	877892291	0.006223	-
ia-biodiversity	bulletindecolog14socia.pdf	1	110667834	396479125	0.000108	-
ia-biodiversity	bulletindecolog6socia.pdf	1	53575458	169004583	0.001589	-
ia-biodiversity	bulletindecolog6socib.pdf	1	51679750	175455375	0.000710	-
ia-biodiversity	bulletindecolog7socia.pdf	1	57672333	183221500	0.000039	-
ia-biodiversity	bulletindecologvol2socim.pdf	1	67934250	225021667	0.000051	-
ia-biodiversity	bulletindedepart23dutc.pdf	1	187025084	407032083	0.000005	-
ia-biodiversity	bulletindel4547191214soci.pdf	1	237338375	351384209	0.005335	-
ia-biodiversity	bulletindelas35291921soci.pdf	1	212173792	265553458	0.008669	-
ia-biodiversity	bulletindelaso27soci.pdf	1	145755917	239339375	0.000074	-
ia-biodiversity	bulletindelasoci4243soci.pdf	1	169848917	217836583	0.000000	-
ia-biodiversity	bulletindelasocif0306soci.pdf	1	159718209	184597167	0.000000	-
ia-biodiversity	bulletindelasocif06soci.pdf	1	239053084	214579208	0.000005	-
ia-biodiversity	bulletindelasoct140soci.pdf	1	290157833	698838208	0.001526	-
ia-biodiversity	bulletingulfbiol04gulf.pdf	1	152262917	237927958	0.009326	-
ia-biodiversity	bulletingulfbiol11gulf.pdf	1	318638000	990637167	0.000000	-
ia-biodiversity	bulletingulfbiol14gulf.pdf	1	314702750	853673958	0.000000	-
ia-biodiversity	bulletinnewyork701903newy.pdf	1	192733000	226120792	0.003365	-
ia-biodiversity	bulletinnewyork761904newy.pdf	1	198783875	204274500	0.003665	-
ia-biodiversity	bulletinno1withg1965shen.pdf	1	362000875	383253333	0.000038	-
ia-biodiversity	bulletinno2stock1921shen.pdf	1	167895292	180497750	0.000125	-
ia-biodiversity	bulletinno2stock1925shen.pdf	1	236825333	234040625	0.000017	-
ia-biodiversity	bulletinno38tasm.pdf	1	6311083	3048020375	0.203196	-
ia-biodiversity	bulletinno5stock1926shen.pdf	1	156579708	172956833	0.003587	-
ia-biodiversity	bulletinofbritis07brit.pdf	1	73704208	114318834	0.000879	-
ia-biodiversity	bulletinofbritis1271brit.pdf	1	308091750	462396292	0.002711	-
ia-biodiversity	bulletinofbritis27br.pdf	1	186642666	527761875	0.006518	-
ia-biodiversity	bulletinofbritis3190brit.pdf	1	309092583	324695584	0.000000	-
ia-biodiversity	bulletinofcalifo00cali.pdf	1	348400584	352238542	0.000000	-
ia-biodiversity	bulletinofcarneg3019carn.pdf	1	182900250	360128625	0.005352	-
ia-biodiversity	bulletinofdepart03jama.pdf	1	125027917	255180917	0.031916	-
ia-biodiversity	bulletinofgeolo30geol.pdf	1	165066333	261666458	0.033070	-
ia-biodiversity	bulletinsocieted11867soci.pdf	1	639679792	580097625	0.005485	-
ia-biodiversity	bulletinsocit08pyre.pdf	1	83252334	108930208	0.058610	-
ia-biodiversity	cacao04dahl.pdf	1	247687666	431646833	0.000000	-
ia-biodiversity	changesconnecti9vidi.pdf	1	539709958	933613334	0.000790	-
ia-biodiversity	changingillinois00illi.pdf	1	205838250	354524084	0.000357	-
ia-biodiversity	chaptersinmodern00gedd.pdf	1	233273125	314583708	0.003906	-
ia-biodiversity	chaptersoncommon00prat.pdf	1	156720000	260682125	0.009504	-
ia-biodiversity	characteristicsh220mcar.pdf	1	239928084	267274375	0.000495	-
ia-biodiversity	characterizatio1166gaoc.pdf	1	511684417	752490084	0.000900	-
ia-biodiversity	characterizatio1166gaoc.pdf	1	498596125	754763375	0.000900	-
ia-biodiversity	characterizatio15cast.pdf	1	324556709	491041958	0.001899	-
ia-biodiversity	characterizatio80wang.pdf	1	337895417	475307000	0.001300	-
ia-biodiversity	charlespickerin00pick.pdf	1	224411500	536439417	0.051880	-
ia-biodiversity	chat7194caro.pdf	1	107663875	191219666	0.000021	-
ia-biodiversity	chat7922015caro.pdf	1	264838584	371647083	0.007524	-
ia-biodiversity	checklistargent10nive.pdf	1	531155041	879459500	0.001531	-
ia-biodiversity	checklistastera13scha.pdf	1	614142416	828561084	0.001461	-
ia-biodiversity	checklistbrauli441kaha.pdf	1	339063041	461184208	0.002510	-
ia-biodiversity	checklistbroadh12clem.pdf	1	537274459	941418084	0.001336	-
ia-biodiversity	checklistcoasta13barc.pdf	1	350445500	454947708	0.005712	-
ia-biodiversity	checklisthelmin563garc.pdf	1	341721042	456437667	0.001529	-
ia-biodiversity	checklistlargem8peni.pdf	1	562323500	885418833	0.001286	-
ia-biodiversity	checklistnonnat9biag.pdf	1	528807958	951773833	0.002165	-
ia-biodiversity	checklistofbirds00wood.pdf	1	211852542	412098667	0.000132	-
ia-biodiversity	checklistofbirds141968pete.pdf	1	198295833	262549500	0.000000	-
ia-biodiversity	checklistofbotsw00mkab.pdf	1	198174125	427449500	0.003104	-
ia-biodiversity	checklistoffishi88alma.pdf	1	213749458	414134584	0.058863	-
ia-biodiversity	checklistofnor00stej.pdf	1	285703500	360686375	0.006841	-
ia-biodiversity	checklistofplant1922unit_2.pdf	1	312143792	361291500	0.000010	-
ia-biodiversity	checklistofrecen00dall.pdf	1	581634416	522484125	0.004318	-
ia-biodiversity	checklistofvascu375schu.pdf	1	255098333	262000666	0.000980	-
ia-biodiversity	checklistponyfi14miki.pdf	1	574600375	852627375	0.001689	-
ia-biodiversity	chemicalconstitu02plimuoft.pdf	1	440802500	435661708	0.000000	-
ia-biodiversity	chemicalexaminat00barb.pdf	1	264132750	356059625	0.000608	-
ia-biodiversity	chemicalphysiolo00duma.pdf	1	230194250	309922291	0.002201	-
ia-biodiversity	chemicalrelation00roge.pdf	1	455343792	1191922208	0.000000	-
ia-biodiversity	childofnature00mabi.pdf	1	718376917	973891125	0.006458	-
ia-biodiversity	contributionkno38sasi.pdf	1	433067709	606199084	0.002200	-
ia-biodiversity	danmoore207000unse.pdf	1	202714417	356609417	0.008924	-
ia-biodiversity	danmoore290400unse.pdf	1	225445291	375612542	0.006596	-
ia-biodiversity	increasingknowl31howa.pdf	1	388143750	530462791	0.002216	-
ia-biodiversity	indexplantarumor00coyt.pdf	1	342248167	398712667	0.000391	-
ia-biodiversity	indexplantarums00salma.pdf	1	90857209	460662000	0.000000	-
ia-biodiversity	indextoplantdise242nanc.pdf	1	411425250	390843958	0.003102	-
ia-biodiversity	indianepalfield00klei.pdf	1	460639000	1650045875	0.003653	-
ia-biodiversity	indianmuseumnot241891indi.pdf	1	571363792	620384292	0.001045	-
ia-biodiversity	indianmuseumnot271893indi.pdf	1	438274292	402459625	0.000170	-
ia-biodiversity	indianmuseumnote04indi.pdf	1	196352291	300784083	0.000004	-
ia-biodiversity	indianmuseumnote53indi.pdf	1	194588834	320863334	0.000396	-
ia-biodiversity	indigoferavalli199liuj.pdf	1	338962583	462947459	0.002132	-
ia-biodiversity	industrialfumig369back.pdf	1	658387750	750087375	0.000569	-
ia-biodiversity	infield883chic.pdf	1	243142750	668910417	0.027569	-
ia-biodiversity	influenceofchemi00goes.pdf	1	213702000	325054042	0.000740	-
ia-biodiversity	influenceofcoldo03vier.pdf	1	131709917	152918083	0.003551	-
ia-biodiversity	influenceonlinse655raba.pdf	1	332835292	381323458	0.002011	-
ia-biodiversity	influencepollin36salo.pdf	1	529920042	769281708	0.000727	-
ia-biodiversity	informationabout1895pack.pdf	1	302330334	296932041	0.001591	-
ia-biodiversity	informationconce00hunt.pdf	1	490239167	455396209	0.000000	-
ia-biodiversity	informationconce00thom.pdf	1	384463000	399355333	0.003221	-
ia-biodiversity	informeacercade00soci.pdf	1	161068458	349646167	0.001112	-
ia-biodiversity	inglesidenurseri1895ingl.pdf	1	268814000	270170000	0.000904	-
ia-biodiversity	initialimpactso29gard.pdf	1	1061922583	1972944959	0.010498	-
ia-biodiversity	injuriousinsects02cook.pdf	1	585048292	557387541	0.000000	-
ia-biodiversity	injuryrecoveryde00oste.pdf	1	128703292	145336084	0.033588	-
ia-biodiversity	innervationofint00acke.pdf	1	304381583	399646167	0.000078	-
ia-biodiversity	inpsjournal29indib.pdf	1	512470959	610130208	0.002898	-
ia-biodiversity	inquiryintocolla00wash.pdf	1	208858375	518339958	0.001813	-
ia-biodiversity	insectabritanica03walk.pdf	1	127573875	216594834	0.000711	-
ia-biodiversity	insectherbivore226dono.pdf	1	332875291	511230292	0.001677	-
ia-biodiversity	insecthuntersore00newm.pdf	1	161850208	235494166	0.000482	-
ia-biodiversity	insecticideresid112geor.pdf	1	191862875	210614542	0.001385	-
ia-biodiversity	insecticidesequi526howa.pdf	1	292078041	274281167	0.000777	-
ia-biodiversity	insectivorouspla00darw.pdf	1	81918583	148964333	0.018883	-
ia-biodiversity	insectlivesastol00simp.pdf	1	289063625	377025875	0.002863	-
ia-biodiversity	insectnews1940unit.pdf	1	211742375	218994417	0.000047	-
ia-biodiversity	insectnotesfor19134patc.pdf	1	183311208	204959416	0.000000	-
ia-biodiversity	insectnotesfor19187joha.pdf	1	223990125	256804500	0.000018	-
ia-biodiversity	insectsinjurious00saunde.pdf	1	136743417	156619250	0.000216	-
ia-biodiversity	insectwonderland00foot.pdf	1	277692667	336288583	0.010091	-
ia-biodiversity	insidelivingcell00butl.pdf	1	169066167	193565208	0.000310	-
ia-biodiversity	insightsintoevo76lixi.pdf	1	326293708	463205541	0.001913	-
ia-biodiversity	institutebulleti02mich.pdf	1	16308375	182324417	0.000065	-
ia-biodiversity	institutebulleti09mich.pdf	1	140540084	274682834	0.000011	-
ia-biodiversity	institutioneshis00ludw.pdf	1	193145042	270361167	0.000000	-
ia-biodiversity	instoragetreatme363lahu.pdf	1	269002709	466730666	0.000289	-
ia-biodiversity	instructionsfora00unit.pdf	1	262574416	311686875	0.000003	-
ia-biodiversity	instructionsforg06rusk.pdf	1	236770375	263092166	0.000150	-
ia-biodiversity	instructionstofo00penn.pdf	1	273417709	296591208	0.000000	-
ia-biodiversity	integrationcura2frab.pdf	1	328273500	493877666	0.008284	-
ia-biodiversity	integrativetaxo101wuxia.pdf	1	553498917	763758375	0.001095	-
ia-biodiversity	integrativetaxo1129gris.pdf	1	335498583	551124166	0.002200	-
ia-biodiversity	integrativetaxo763goul.pdf	1	343496542	510822291	0.001955	-
ia-biodiversity	interactiontrac510hilk.pdf	1	344310333	571876041	0.001790	-
ia-biodiversity	internaltranscr5kolt.pdf	1	673328500	975421042	0.001476	-
ia-biodiversity	internationaltra80barz.pdf	1	244228042	360303250	0.004698	-
ia-biodiversity	intrainterspeci98wiat.pdf	1	697876333	902838875	0.000676	-
ia-biodiversity	intrapopulation97alve.pdf	1	652815000	881695458	0.000475	-
ia-biodiversity	intraspecificva741reip.pdf	1	425266167	576217459	0.003505	-
ia-biodiversity	introduction00lahe.pdf	1	455388125	641311208	0.002181	-
ia-biodiversity	introductionbot4lore.pdf	1	442162125	596304917	0.002672	-
ia-biodiversity	introductionmym675hube.pdf	1	413087625	545755625	0.001482	-
ia-biodiversity	introductionofbl241hilt.pdf	1	324788583	306247750	0.000024	-
ia-biodiversity	introductiontobi00burn.pdf	1	203465500	196754208	0.008710	-
ia-biodiversity	introductiontoen00coms.pdf	1	184829250	178526459	0.001236	-
ia-biodiversity	introductiontoge00roweuoft.pdf	1	354105792	402260917	0.004516	-
ia-biodiversity	introductiontost00chapuoft.pdf	1	770383458	845364084	0.005333	-
ia-biodiversity	introductiontost00pars.pdf	1	106911792	154363209	0.006786	-
ia-biodiversity	introductiontost00tayluoft.pdf	1	250848084	407379875	0.000000	-
ia-biodiversity	introductiontwo98nieg.pdf	1	663901917	934166625	0.000833	-
ia-biodiversity	introductory00huxluoft.pdf	1	102326541	200740958	0.009037	-
ia-biodiversity	invadedhabitats4lope.pdf	1	418448334	560236875	0.001604	-
ia-biodiversity	invasivenessgui78rhod.pdf	1	409978917	569418584	0.001902	-
ia-biodiversity	inventoryofsalmo324plat.pdf	1	242780791	258349291	0.001232	-
ia-biodiversity	inventorypatter7benl.pdf	1	636321584	931007584	0.001423	-
ia-biodiversity	invertebrata00queeo.pdf	1	292753250	509666333	0.028808	-
ia-biodiversity	invertebratecons7320unse.pdf	1	232213458	295866792	0.002482	-
ia-biodiversity	investigationofd00bohl.pdf	1	259476500	430946542	0.000136	-
ia-biodiversity	investigationofh00folb.pdf	1	251831500	316600542	0.004762	-
ia-biodiversity	investigationsof01rich.pdf	1	225297250	499132208	0.000483	-
ia-biodiversity	involvingcollec2engl.pdf	1	428327542	580788167	0.006298	-
ia-biodiversity	ioannisantoniisc14scop.pdf	1	184827958	246564000	0.002602	-
ia-biodiversity	iofriderblumenba00blum.pdf	1	254061542	338798208	0.007889	-
ia-biodiversity	ionanurserieshas1870iona.pdf	1	280469291	274026333	0.000984	-
ia-biodiversity	iowabirdlife17iowac.pdf	1	287290875	470436542	0.004459	-
ia-biodiversity	iowabirdlife22iowab.pdf	1	274047041	494447458	0.004024	-
ia-biodiversity	iowabirdlife23iowa.pdf	1	262282125	512250292	0.002856	-
ia-biodiversity	iowabirdlife24iowa.pdf	1	270805958	475996250	0.002972	-
ia-biodiversity	iowabirdlife24iowab.pdf	1	258712500	476893500	0.003083	-
ia-biodiversity	iowabirdlife25iowab.pdf	1	292162667	513616333	0.003142	-
ia-biodiversity	iowabirdlife27iowa.pdf	1	254121458	458293000	0.004750	-
ia-biodiversity	iowabirdlife32iowab.pdf	1	242922500	380033041	0.009082	-
ia-biodiversity	iowabirdlife35iowa.pdf	1	241413167	354079500	0.010061	-
ia-biodiversity	iowabirdlife36iowa.pdf	1	218074625	353975292	0.005184	-
ia-biodiversity	iowabirdlife3iowaa.pdf	1	175728125	330047542	0.006108	-
ia-biodiversity	iowabirdlife44iowaa.pdf	1	210100209	459694792	0.006338	-
ia-biodiversity	iowabirdlife4iowaa.pdf	1	174219208	356968333	0.009117	-
ia-biodiversity	iowabirdlife50iowac.pdf	1	203845917	341475750	0.013583	-
ia-biodiversity	iowabirdlife55iowab.pdf	1	200101708	410898958	0.015143	-
ia-biodiversity	iowabirdlife59iowac.pdf	1	197329833	450246625	0.004205	-
ia-biodiversity	iowabirdlife62iowab.pdf	1	240639000	467845917	0.004493	-
ia-biodiversity	iowabirdlife69iowaa.pdf	1	202859208	443356667	0.006196	-
ia-biodiversity	iowabirdlife70iowa.pdf	1	209721500	393200958	0.010369	-
ia-biodiversity	iowabirdlife8iowad.pdf	1	171310125	334798125	0.009033	-
ia-biodiversity	irishnaturalist08roya.pdf	1	201489667	237911667	0.000312	-
ia-biodiversity	iromanceflorane00fenwa.pdf	1	482756250	475145458	0.000152	-
ia-biodiversity	irrigationrequir1340fort.pdf	1	332421875	321626875	0.000658	-
ia-biodiversity	iterhelveticuman1740hall.pdf	1	466235000	648672542	0.026951	-
ia-biodiversity	jacobcistentomonotecistb.pdf	1	820758958	3636070083	0.000000	-
ia-biodiversity	jahrbcherdesna3132nass.pdf	1	146121750	165077833	0.000026	-
ia-biodiversity	jahrbcherdesna58nass.pdf	1	160935500	242937041	0.000000	-
ia-biodiversity	jahrbuchderhambu03hamb.pdf	1	96536167	264982208	0.000308	-
ia-biodiversity	jahrbuchderhambu131895hamb.pdf	1	433072541	419950792	0.004455	-
ia-biodiversity	jahrbuchderhambu3421916hamb.pdf	1	343415875	512647542	0.000117	-
ia-biodiversity	jahrbuchderkoni131892koni.pdf	1	327937791	331875292	0.018232	-
ia-biodiversity	jahresberichtder156970natu.pdf	1	302510916	357791167	0.000791	-
ia-biodiversity	jahresberichtder3319west.pdf	1	206102917	527983000	0.008280	-
ia-biodiversity	jahresberichtder6162natu.pdf	1	289396167	485297250	0.002798	-
ia-biodiversity	jahresberichtder6476schl.pdf	1	323281416	438438208	0.000063	-
ia-biodiversity	jahresberichtder710meye.pdf	1	446865375	575332791	0.000000	-
ia-biodiversity	jahresberichtdes3187west.pdf	1	729490250	731538625	0.005888	-
ia-biodiversity	jahresberichtdes3519west.pdf	1	586767666	472921208	0.000000	-
ia-biodiversity	jahresberichtdes7172mann.pdf	1	169236208	227848500	0.004154	-
ia-biodiversity	jahresheftedesve78vere.pdf	1	816841417	1292758791	0.005277	-
ia-biodiversity	jamaicacostaric00rehn.pdf	1	175745083	333151958	0.007510	-
ia-biodiversity	jamaicacryptoga00wighc.pdf	1	155466042	667667500	0.003007	-
ia-biodiversity	newsletterv25naust.pdf	1	268431375	470463500	0.000000	-
ia-biodiversity	newsletterv28naustb.pdf	1	252859584	940148792	0.000019	-
ia-biodiversity	newsletterv32naust.pdf	1	162764500	637491333	0.000369	-
ia-biodiversity	nihoa191200nati.pdf	1	574316584	1359742750	0.004656	-
ia-biodiversity	scienceserieslo12natu.pdf	1	376939667	544412792	0.001789	-
ia-medical	101142131.nlm.nih.gov.pdf	1	188450292	489408250	0.000000	-
ia-medical	101164941.nlm.nih.gov.pdf	1	401484416	1031257209	0.000000	-
ia-medical	101191118.nlm.nih.gov.pdf	1	181544416	527929250	0.000000	-
ia-medical	101193549.nlm.nih.gov.pdf	1	415780958	746260875	0.000000	-
ia-medical	101483514.nlm.nih.gov.pdf	1	423750042	454544917	0.000004	-
ia-medical	101617056.nlm.nih.gov.pdf	1	339728208	999113250	0.000000	-
ia-medical	101653924.nlm.nih.gov.pdf	1	207648167	404851375	0.000000	-
ia-medical	101656221.nlm.nih.gov.pdf	1	196046833	491443958	0.000000	-
ia-medical	101687487.nlm.nih.gov.pdf	1	276151583	560643208	0.000000	-
ia-medical	101751921.nlm.nih.gov.pdf	1	355313709	359664958	0.000000	-
ia-medical	101769824.nlm.nih.gov.pdf	1	368778959	378045833	0.002137	-
ia-medical	2011001RegenerativeEndodonticsPart2.pdf	1	19351292	161106917	0.000534	-
ia-medical	23130740RX64.nlm.nih.gov.pdf	1	460294833	1160672709	0.000000	-
ia-medical	23460370RX9.nlm.nih.gov.pdf	1	752705167	2022463209	0.000000	-
ia-medical	30310230R.nlm.nih.gov.pdf	1	719578584	837305792	0.003045	-
ia-medical	BIUSante_00067x02.pdf	1	85936084	380775459	0.000372	-
ia-medical	December2007Examiner.pdf	1	70921583	228362750	0.001606	-
ia-medical	b20405108.pdf	1	227731584	271964750	0.000031	-
ia-medical	b21506164.pdf	1	160641041	401585084	0.000000	-
ia-medical	b21950507.pdf	1	272105000	320449791	0.000003	-
ia-medical	b21950714.pdf	1	167088541	512823750	0.000000	-
ia-medical	b21950933.pdf	1	208518125	447271875	0.000636	-
ia-medical	b21956388.pdf	1	10199875	66711625	0.000000	-
ia-medical	b21956431.pdf	1	351579583	832533958	0.000000	-
ia-medical	b21956443.pdf	1	381866750	811519833	0.000000	-
ia-medical	b21956650.pdf	1	323531125	618317458	0.000005	-
ia-medical	b21956790.pdf	1	141199542	506499750	0.000014	-
ia-medical	b21959456.pdf	1	126454292	279806500	0.000000	-
ia-medical	b21959468.pdf	1	145223667	381265291	0.000194	-
ia-medical	b21962790.pdf	1	180131875	271216583	0.000000	-
ia-medical	b21963927.pdf	1	286317333	359929292	0.006565	-
ia-medical	b21965559.pdf	1	147797709	361886209	0.000128	-
ia-medical	b21965900.pdf	1	169543583	756784500	0.000006	-
ia-medical	b21966138.pdf	1	180525459	694302250	0.000169	-
ia-medical	b21966680.pdf	1	150252500	192663042	0.000000	-
ia-medical	b21966898.pdf	1	140015083	1039838500	0.000000	-
ia-medical	b21968913.pdf	1	439465875	981775792	0.000000	-
ia-medical	b21969292.pdf	1	179916042	412315000	0.000839	-
ia-medical	b21971225.pdf	1	114301667	262532584	0.000004	-
ia-medical	b21971249.pdf	1	220268625	491263250	0.000039	-
ia-medical	b21971481.pdf	1	183864459	215880333	0.000021	-
ia-medical	b21973465.pdf	1	138393709	295542542	0.000017	-
ia-medical	b21973490.pdf	1	228558833	553658459	0.000000	-
ia-medical	b21973647.pdf	1	195779584	618474250	0.000000	-
ia-medical	b21976090.pdf	1	344139042	683656292	0.000238	-
ia-medical	b21976375.pdf	1	182033458	369819333	0.000000	-
ia-medical	b21980044.pdf	1	220122959	528765708	0.000005	-
ia-medical	b21980159_0002.pdf	1	193016833	241465916	0.000000	-
ia-medical	b21980640.pdf	1	336444375	670471541	0.000007	-
ia-medical	b21981024.pdf	1	313676709	387139791	0.003140	-
ia-medical	b21981097.pdf	1	273741875	856951875	0.000134	-
ia-medical	b21981231.pdf	1	294322333	905635625	0.000896	-
ia-medical	b21981942.pdf	1	198375333	549494500	0.000053	-
ia-medical	b2198511x_0001.pdf	1	237233583	284385500	0.000674	-
ia-medical	b2198511x_0002.pdf	1	236794042	275212125	0.000541	-
ia-medical	b21988213.pdf	1	189245834	749546042	0.000000	-
ia-medical	b21988249.pdf	1	162171542	387723083	0.000000	-
ia-medical	b21988274.pdf	1	380942125	613410417	0.000000	-
ia-medical	b21988705.pdf	1	305003083	620780083	0.000000	-
ia-medical	b21993208.pdf	1	405764958	628711459	0.000004	-
ia-medical	b21993233_0004.pdf	1	781137500	723048000	0.000447	-
ia-medical	b21993452.pdf	1	264775667	606089416	0.000031	-
ia-medical	b21993476.pdf	1	157559375	390000792	0.000120	-
ia-medical	b2199349x.pdf	1	216827958	332893917	0.000000	-
ia-medical	b21993580.pdf	1	181123166	422085750	0.000003	-
ia-medical	b21993671.pdf	1	474974917	664922458	0.002818	-
ia-medical	b21994377.pdf	1	235861792	1030983250	0.000003	-
ia-medical	b21994869.pdf	1	150629917	624119917	0.000255	-
ia-medical	b21995734.pdf	1	273517708	368836625	0.000565	-
ia-medical	b21996362.pdf	1	188169292	826925667	0.001112	-
ia-medical	b22006370_0001.pdf	1	784703292	743275250	0.005756	-
ia-medical	b22011043.pdf	1	882453583	849665750	0.001814	-
ia-medical	b22011493.pdf	1	352857083	957818333	0.000000	-
ia-medical	b22305063.pdf	1	209731042	560960791	0.000057	-
ia-medical	b22305324.pdf	1	271640500	562340042	0.000028	-
ia-medical	b22313515.pdf	1	237199041	558399083	0.000402	-
ia-medical	b22314830.pdf	1	121576958	562811459	0.000036	-
ia-medical	b22314854.pdf	1	118820833	421190541	0.000482	-
ia-medical	b22316115.pdf	1	170544291	589870417	0.000000	-
ia-medical	b22316140.pdf	1	175183167	950636834	0.000000	-
ia-medical	b22316917.pdf	1	169360916	617775166	0.000000	-
ia-medical	b22318082.pdf	1	439796875	1976212583	0.000000	-
ia-medical	b22318458.pdf	1	107511167	284779708	0.000000	-
ia-medical	b22318999.pdf	1	146966000	331199042	0.000000	-
ia-medical	b22319049.pdf	1	217972041	1338006750	0.001717	-
ia-medical	b22319098.pdf	1	175249208	636780792	0.000000	-
ia-medical	b22319128.pdf	1	177750792	594537375	0.000000	-
ia-medical	b22319219.pdf	1	315780167	1752275958	0.000050	-
ia-medical	b2231930x.pdf	1	219254000	1086176500	0.000027	-
ia-medical	b22319396.pdf	1	213511250	818850333	0.000258	-
ia-medical	b22319700.pdf	1	465306917	1921674917	0.000000	-
ia-medical	b22319931.pdf	1	292929667	781672250	0.000000	-
ia-medical	b22319967.pdf	1	325561792	887107500	0.000072	-
ia-medical	b2232060x.pdf	1	222943000	704447750	0.000053	-
ia-medical	b22321172.pdf	1	195448292	481447667	0.000576	-
ia-medical	b22321251.pdf	1	425968500	1856932583	0.000000	-
ia-medical	b22321329.pdf	1	488179875	2091984500	0.000000	-
ia-medical	b22321500.pdf	1	207966792	516876208	0.000003	-
ia-medical	b22321603.pdf	1	228686750	513822334	0.000003	-
ia-medical	b22321627.pdf	1	142234250	414033166	0.000000	-
ia-medical	b22321949.pdf	1	193546250	516569625	0.000000	-
ia-medical	b22322000.pdf	1	589694791	1245772584	0.000000	-
ia-medical	b22322681.pdf	1	263006083	699258625	0.000000	-
ia-medical	b22322760.pdf	1	184151250	445513083	0.000003	-
ia-medical	b22322875.pdf	1	184080292	778488667	0.000003	-
ia-medical	b22322991.pdf	1	227473292	500279833	0.000000	-
ia-medical	b22323363.pdf	1	185174250	455583417	0.000000	-
ia-medical	b22323569.pdf	1	217082292	668002958	0.000037	-
ia-medical	b22324227.pdf	1	299652083	732334291	0.003066	-
ia-medical	b22324331.pdf	1	322766166	841797125	0.004586	-
ia-medical	b22324392.pdf	1	335809542	961367625	0.008664	-
ia-medical	b22324641.pdf	1	450992041	1090365500	0.000689	-
ia-medical	b22325207.pdf	1	403539042	853933625	0.003830	-
ia-medical	b22325438.pdf	1	593138334	1467564958	0.003570	-
ia-medical	b2232558x.pdf	1	345249209	958012834	0.001593	-
ia-medical	b22325591.pdf	1	377747916	911991792	0.001857	-
ia-medical	b22325773.pdf	1	369508958	1012153791	0.001254	-
ia-medical	b22325852.pdf	1	338320375	905001208	0.000743	-
ia-medical	b22325955.pdf	1	330011917	985135666	0.002028	-
ia-medical	b22325979.pdf	1	340409208	1067539833	0.001617	-
ia-medical	b22326145.pdf	1	315554375	849344709	0.002883	-
ia-medical	b22326273.pdf	1	273375667	970751250	0.000032	-
ia-medical	b2232835x.pdf	1	192132042	589489709	0.000063	-
ia-medical	b22328361.pdf	1	208671083	699586625	0.000154	-
ia-medical	b22328385.pdf	1	210415291	660001250	0.000068	-
ia-medical	b22328683.pdf	1	304831625	843215625	0.000002	-
ia-medical	b22329079.pdf	1	495142125	1335120042	0.004488	-
ia-medical	b2232916x.pdf	1	360689667	730756167	0.007306	-
ia-medical	b22329213.pdf	1	437661959	838314041	0.000915	-
ia-medical	b22329389.pdf	1	238238125	679614000	0.000003	-
ia-medical	b22332662.pdf	1	277083041	717319458	0.000088	-
ia-medical	b22332686.pdf	1	270409625	680498791	0.000018	-
ia-medical	b22332728.pdf	1	242308375	588172459	0.000055	-
ia-medical	b22332881.pdf	1	175210500	464544584	0.000026	-
ia-medical	b2233290x.pdf	1	174108750	398814750	0.000004	-
ia-medical	b22332960.pdf	1	212257916	505920959	0.000000	-
ia-medical	b22333034.pdf	1	180538042	475345416	0.000019	-
ia-medical	b22333265.pdf	1	144097333	510680375	0.000031	-
ia-medical	b22333447.pdf	1	161569584	394018292	0.000000	-
ia-medical	b22334038.pdf	1	183786041	709447042	0.000000	-
ia-medical	b22334117.pdf	1	179677500	511624000	0.000000	-
ia-medical	b22334373.pdf	1	260805166	573402458	0.000000	-
ia-medical	b22334580.pdf	1	195540417	817431750	0.000000	-
ia-medical	b2233466x.pdf	1	188341000	628986500	0.000000	-
ia-medical	b22334968.pdf	1	201880959	704900000	0.000000	-
ia-medical	b22335262.pdf	1	219594333	481655500	0.000000	-
ia-medical	b22335596.pdf	1	205305333	601104333	0.000000	-
ia-medical	b22335602.pdf	1	233681875	729438959	0.000000	-
ia-medical	b22335651.pdf	1	223162417	594154916	0.000000	-
ia-medical	b22335869.pdf	1	235485583	761192625	0.000000	-
ia-medical	b22335948.pdf	1	196316458	642617666	0.000000	-
ia-medical	b22337258.pdf	1	221348416	736410792	0.000060	-
ia-medical	b22337295.pdf	1	197622458	452173250	0.000156	-
ia-medical	b2233905x.pdf	1	517729375	1634396750	0.000826	-
ia-medical	b22339383.pdf	1	351162708	1341146625	0.001688	-
ia-medical	b22339504.pdf	1	394404791	1030182208	0.000840	-
ia-medical	b22339711.pdf	1	352811125	720617458	0.000000	-
ia-medical	b22339759.pdf	1	333186292	915968416	0.000037	-
ia-medical	b22339851.pdf	1	343923334	840820792	0.000389	-
ia-medical	b2233998x.pdf	1	372007292	2093820667	0.000050	-
ia-medical	b22340233.pdf	1	330082834	1067614792	0.000148	-
ia-medical	b22340579.pdf	1	353746083	1541169333	0.001969	-
ia-medical	b22340853.pdf	1	495845917	1158552708	0.000008	-
ia-medical	b22341195.pdf	1	367938834	1231567708	0.004342	-
ia-medical	b22341560.pdf	1	367967625	1246064208	0.004592	-
ia-medical	b22341638.pdf	1	341367458	2035825750	0.001581	-
ia-medical	b22341857.pdf	1	368627541	801218417	0.000860	-
ia-medical	b22341894.pdf	1	375099000	1007088417	0.000000	-
ia-medical	b22341985.pdf	1	233585333	766244167	0.000017	-
ia-medical	b2234214x.pdf	1	227716208	981173416	0.000049	-
ia-medical	b22342928.pdf	1	229039875	695017167	0.000191	-
ia-medical	b22343015.pdf	1	175670208	500630834	0.000180	-
ia-medical	b22343362.pdf	1	233921000	690195875	0.000127	-
ia-medical	b22344986.pdf	1	324343834	1073396541	0.000012	-
ia-medical	b22347264.pdf	1	198509916	776144917	0.000037	-
ia-medical	b22347288.pdf	1	160145708	622442459	0.000000	-
ia-medical	b22347732.pdf	1	217113041	495548667	0.000084	-
ia-medical	b22347859.pdf	1	237694458	698219500	0.000003	-
ia-medical	b22347860.pdf	1	229530500	675273875	0.000003	-
ia-medical	b22349376.pdf	1	261188125	960297167	0.001962	-
ia-medical	b22349431.pdf	1	198986208	564274458	0.007109	-
ia-medical	b22349753.pdf	1	207716125	609701459	0.000879	-
ia-medical	b22400795.pdf	1	420068167	1045518416	0.000555	-
ia-medical	b22422742.pdf	1	517126666	2004328625	0.000000	-
ia-medical	b22442145.pdf	1	586359500	3210141291	0.000000	-
ia-medical	b24868000_0002.pdf	1	2077772875	9087603250	0.000000	-
ia-medical	b28132233.pdf	1	418561750	558333000	0.000000	-
ia-medical	b28903158.pdf	1	337408541	1538582125	0.000084	-
ia-medical	b28914028.pdf	1	501724500	1202915042	0.000000	-
ia-medical	b28954208.pdf	1	426206708	1362467625	0.000841	-
ia-medical	b29167401.pdf	1	566272500	2467679458	0.000000	-
ia-medical	b2942981x.pdf	1	609288333	3413491667	0.000000	-
ia-medical	b29798504.pdf	1	409088167	2953198375	0.000000	-
ia-medical	b29982224.pdf	1	462616834	1368973667	0.001159	-
ia-medical	b30615768.pdf	1	664270417	4352332583	0.000326	-
ia-medical	b30625877.pdf	1	801030875	4955994875	0.000012	-
ia-medical	b31489977.pdf	1	848616500	2275791667	0.000771	-
ia-medical	b31820797.pdf	1	1065481500	1244459042	0.000000	-
ia-medical	b31825357.pdf	1	797729125	746078709	0.004475	-
ia-medical	b31885214.pdf	1	336432458	1103983791	0.000542	-
ia-medical	b31936763_0001.pdf	1	414623709	1956162709	0.000000	-
ia-medical	b33448528.pdf	1	1781428459	1848942917	0.002082	-
ia-medical	b33455120.pdf	1	1228145916	2755694875	0.000000	-
ia-medical	buildinglibraryc00nati.pdf	1	438667791	951549459	0.009481	-
ia-medical	bulletin39pres.pdf	1	438438250	1287909125	0.000000	-
ia-medical	bulletin41pres.pdf	1	484171166	1082360584	0.000000	-
ia-medical	bulletinofalumni17rush.pdf	1	707247125	754063042	0.000000	-
ia-medical	bulletinofalumni5rush.pdf	1	605290834	736516416	0.000000	-
ia-medical	bulletinofncdent18193435.pdf	1	166541625	198061875	0.002084	-
ia-medical	bulletinofncdent26194243.pdf	1	163088333	214665250	0.002501	-
ia-medical	bulletinofuniver2424.pdf	1	229812792	881538666	0.000111	-
ia-medical	bulletinofuniver3333.pdf	1	245949958	349506417	0.000004	-
ia-medical	bulletinofuniver3434.pdf	1	231889292	286756541	0.000004	-
ia-medical	changesincellula00mall.pdf	1	504915250	1005490958	0.002800	-
ia-medical	chemicalconstitu02plimuoft.pdf	1	444597833	431211208	0.000000	-
ia-medical	childhealthintri00davi.pdf	1	639600167	1881816291	0.000239	-
ia-medical	childrenwithhear00rita.pdf	1	161124000	519119917	0.030277	-
ia-medical	childrenwithorth00shar.pdf	1	205271417	528037583	0.033038	-
ia-medical	guidedogservices00samf.pdf	1	273434459	1569196208	0.000518	-
ia-medical	indenvulcangebie00sappuoft.pdf	1	641756875	708631583	0.003257	-
ia-medical	indianhealthcare00unit_3.pdf	1	481508375	1440266083	0.003145	-
ia-medical	indiansinvitatio00burn.pdf	1	1013749875	2420727083	0.001662	-
ia-medical	industrialcoloni00wooduoft.pdf	1	753025792	691238792	0.003282	-
ia-medical	industrialperson00kobe.pdf	1	196554334	693934709	0.002936	-
ia-medical	inflammationintr00adamuoft.pdf	1	564410125	547911792	0.009297	-
ia-medical	inflammationsofl00harl.pdf	1	228476583	367320000	0.000968	-
ia-medical	influenceofphysi00duff.pdf	1	247895417	230387750	0.002584	-
ia-medical	informationneeds00unit.pdf	1	496966584	2417982708	0.003322	-
ia-medical	inhibitionofca1200wein.pdf	1	911708125	1034927000	0.001750	-
ia-medical	inquiryintomedic00hast.pdf	1	365987667	407178042	0.001980	-
ia-medical	inquiryintoprinc00fluh.pdf	1	328304625	518198584	0.001948	-
ia-medical	insaneinforeignc00letcuoft.pdf	1	172344708	508160375	0.017490	-
ia-medical	insanityitscause00stea.pdf	1	287448458	505552417	0.001082	-
ia-medical	insanityitsdepen00gray.pdf	1	306414667	327311625	0.010764	-
ia-medical	institutionquartixnounse.pdf	1	180875625	1177545084	0.000000	-
ia-medical	instructionstome00unit.pdf	1	210743041	401364583	0.000268	-
ia-medical	intelligentservi00blee.pdf	1	1003245333	1480231709	0.000000	-
ia-medical	interentiicomoed00ruhnuoft.pdf	1	147197625	472184291	0.001019	-
ia-medical	internalarrangem00unse.pdf	1	665738875	1466230000	0.000303	-
ia-medical	interpretiveguid19unit_0.pdf	1	907155875	2969268667	0.000390	-
ia-medical	introductiontoco1816lawr.pdf	1	163171667	574084125	0.006446	-
ia-medical	introductiontod00kehr.pdf	1	204167667	196100167	0.001923	-
ia-medical	introductiontome00mcca.pdf	1	201240042	260103209	0.000972	-
ia-medical	introductiontome00unit_0.pdf	1	639103750	1146856084	0.000174	-
ia-medical	introductiontopa1881gree.pdf	1	135812417	239536041	0.000015	-
ia-medical	inuterodetection00thio.pdf	1	730615791	990288959	0.000829	-
ia-medical	involuntarynervo00gaskuoft.pdf	1	578731500	1046345541	0.003328	-
ia-medical	inwieweitsindseh00vont.pdf	1	720426875	1810743250	0.000970	-
ia-medical	ioannisiacobirei00reisuoft.pdf	1	157459083	231392708	0.003397	-
ia-medical	isscienceadvance00leff.pdf	1	334613916	1371741541	0.000000	-
ia-texts	bdrc-W1KG4230.pdf	1	33233792	57865583	0.020190	-
ia-texts	cricmt_001073.pdf	1	528161125	722095625	0.000085	-
ia-texts	dedegensvandekar0000peve.pdf	0	0	0	-1.000000	-
ia-texts	foodlabellingsur0000unse.pdf	0	0	0	-1.000000	-
ia-texts	galerejamaksim0000rojo.pdf	0	0	0	-1.000000	-
ia-texts	isbn_9781881924173.pdf	0	0	0	-1.000000	-
ia-texts	jbc.bj.uj.edu.pl.NDIGCZAS049827_1938_026.pdf	1	175547250	360186625	0.000053	-
ia-texts	jbc.bj.uj.edu.pl.NDIGCZAS066260_1884_021.pdf	1	221023250	984363334	0.000002	-
ia-texts	journeypity0000maye.pdf	0	0	0	-1.000000	-
ia-texts	kpbc.umk.pl.KM_01052_1924_12_266929.pdf	1	126963500	740579833	0.002642	-
ia-texts	manforhumanityon0000coll.pdf	0	0	0	-1.000000	-
ia-texts	reiversstoneanth0000unse.pdf	0	0	0	-1.000000	-
ia-uscourts	gov.uscourts.almd.58141.pdf	1	47031791	87271833	0.011889	-
ia-uscourts	gov.uscourts.almd.58157.pdf	1	7091500	90334334	0.000312	-
ia-uscourts	gov.uscourts.almd.64443.pdf	1	47204125	103813541	0.015410	-
ia-uscourts	gov.uscourts.almd.66655.pdf	1	7887250	69573167	0.002243	-
ia-uscourts	gov.uscourts.almd.76493.pdf	1	7529750	69516875	0.000093	-
ia-uscourts	gov.uscourts.alnd.108501.pdf	1	21418666	79603958	0.000324	-
ia-uscourts	gov.uscourts.alnd.118629.pdf	1	22670833	77666292	0.000167	-
ia-uscourts	gov.uscourts.ca2.52ca4ce3-4d59-48a6-b518-2254cf0e7476.pdf	1	13907000	86518292	0.000140	-
ia-uscourts	gov.uscourts.cacd.1004750.pdf	1	11973459	74647167	0.000054	-
ia-uscourts	gov.uscourts.cacd.1009689.pdf	1	27759042	101667916	0.018601	-
ia-uscourts	gov.uscourts.cacd.670297.pdf	1	7117792	92646334	0.002560	-
ia-uscourts	gov.uscourts.cacd.702729.pdf	1	47423708	87264125	0.009480	-
ia-uscourts	gov.uscourts.cacd.973679.pdf	1	7849125	99768375	0.001729	-
ia-uscourts	gov.uscourts.cacd.986381.pdf	1	6089250	75613458	0.000190	-
ia-uscourts	gov.uscourts.caed.462926.pdf	1	10317167	80743834	0.000153	-
ia-uscourts	gov.uscourts.caed.468209.pdf	1	11560000	71552792	0.001696	-
ia-uscourts	gov.uscourts.caed.471512.pdf	1	6754500	63465916	0.000536	-
ia-uscourts	gov.uscourts.caed.473366.pdf	1	10362625	70186000	0.002754	-
ia-uscourts	gov.uscourts.caed.473726.pdf	1	7701708	74824833	0.000033	-
ia-uscourts	gov.uscourts.caed.474608.pdf	1	12231000	81356125	0.001560	-
ia-uscourts	gov.uscourts.caed.478021.pdf	1	9716208	72892167	0.002253	-
ia-uscourts	gov.uscourts.caed.478068.pdf	1	8730541	90499166	0.000545	-
ia-uscourts	gov.uscourts.caed.479378.pdf	1	6747916	74512458	0.000285	-
ia-uscourts	gov.uscourts.caed.480497.pdf	1	11567542	75560833	0.002026	-
ia-uscourts	gov.uscourts.caed.482844.pdf	1	6745584	69771333	0.002432	-
ia-uscourts	gov.uscourts.caed.483744.pdf	1	11218750	80869833	0.002069	-
ia-uscourts	gov.uscourts.caed.484975.pdf	1	5755625	69369500	0.005075	-
ia-uscourts	gov.uscourts.caed.485273.pdf	1	10375250	79345708	0.003604	-
ia-uscourts	gov.uscourts.caed.485526.pdf	1	9576417	78399042	0.001985	-
ia-uscourts	gov.uscourts.caed.485645.pdf	1	6382625	69175042	0.002428	-
ia-uscourts	gov.uscourts.caed.486394.pdf	1	9303625	73357625	0.002872	-
ia-uscourts	gov.uscourts.caed.486737.pdf	1	5280333	58645333	0.000780	-
ia-uscourts	gov.uscourts.caed.487182.pdf	1	11452000	71588083	0.002187	-
ia-uscourts	gov.uscourts.cand.431071.pdf	1	38653333	83711625	0.000829	-
ia-uscourts	gov.uscourts.cand.443581.pdf	1	17769833	103857291	0.000900	-
ia-uscourts	gov.uscourts.cand.447694.pdf	1	7536875	89401083	0.001500	-
ia-uscourts	gov.uscourts.cand.451446.pdf	1	7684959	72212250	0.001851	-
ia-uscourts	gov.uscourts.cand.460044.pdf	1	11756083	89516417	0.000021	-
ia-uscourts	gov.uscourts.cand.463916.pdf	1	6891792	59704958	0.000351	-
ia-uscourts	gov.uscourts.cand.463971.pdf	1	11913583	87410334	0.000778	-
ia-uscourts	gov.uscourts.cand.471272.pdf	1	8418541	72212417	0.000010	-
ia-uscourts	gov.uscourts.cand.471417.pdf	1	11298583	78874250	0.000008	-
ia-uscourts	gov.uscourts.cand.472999.pdf	1	7262833	79051250	0.000008	-
ia-uscourts	gov.uscourts.casd.40694.pdf	1	23018291	54602291	0.004884	-
ia-uscourts	gov.uscourts.casd.764514.pdf	1	15473833	79469792	0.000274	-
ia-uscourts	gov.uscourts.casd.850253.pdf	1	36086417	100327916	0.022148	-
ia-uscourts	gov.uscourts.casd.850646.pdf	1	53670333	141502792	0.004031	-
ia-uscourts	gov.uscourts.casd.854887.pdf	1	59944542	110621167	0.006658	-
ia-uscourts	gov.uscourts.dcd.262861.pdf	1	22464292	75918417	0.010202	-
ia-uscourts	gov.uscourts.dcd.293884.pdf	1	8398209	69143708	0.000113	-
ia-uscourts	gov.uscourts.flmd.460603.pdf	1	10731792	86958167	0.001836	-
ia-uscourts	gov.uscourts.flnd.353825.pdf	1	17991459	107086292	0.004275	-
ia-uscourts	gov.uscourts.ilnd.494337.pdf	1	5112667	82682958	0.002392	-
ia-uscourts	gov.uscourts.innd.127748.pdf	1	9011792	67950667	0.000402	-
ia-uscourts	gov.uscourts.mdd.153712.pdf	1	5463834	77620166	0.004118	-
ia-uscourts	gov.uscourts.mdd.579208.pdf	1	10177667	71601292	0.000198	-
ia-uscourts	gov.uscourts.mieb.936608.pdf	1	9799500	77353709	0.004040	-
ia-uscourts	gov.uscourts.mied.257422.pdf	1	5358666	77870000	0.000167	-
ia-uscourts	gov.uscourts.mied.294492.pdf	1	6911583	88136834	0.000043	-
ia-uscourts	gov.uscourts.mied.379706.pdf	1	6961708	69614500	0.000371	-
ia-uscourts	gov.uscourts.mied.395633.pdf	1	6462958	71822375	0.000091	-
ia-uscourts	gov.uscourts.miwb.354645.pdf	1	8809542	74067875	0.002148	-
ia-uscourts	gov.uscourts.miwd.114792.pdf	1	4741250	51061083	0.000017	-
ia-uscourts	gov.uscourts.miwd.120883.pdf	1	8695500	67821375	0.000045	-
ia-uscourts	gov.uscourts.miwd.47390.pdf	1	15093500	59191042	0.000080	-
ia-uscourts	gov.uscourts.miwd.48264.pdf	1	4863167	72880125	0.000177	-
ia-uscourts	gov.uscourts.miwd.50769.pdf	1	3239958	59602166	0.000031	-
ia-uscourts	gov.uscourts.miwd.67826.pdf	1	42350584	116603416	0.000322	-
ia-uscourts	gov.uscourts.miwd.73097.pdf	1	40641042	104058500	0.000240	-
ia-uscourts	gov.uscourts.miwd.79356.pdf	1	21652625	67149416	0.000012	-
ia-uscourts	gov.uscourts.miwd.90464.pdf	1	6002792	53254542	0.000047	-
ia-uscourts	gov.uscourts.mnd.101665.pdf	1	5682667	74038250	0.000186	-
ia-uscourts	gov.uscourts.mnd.108960.pdf	1	19741417	57173792	0.000031	-
ia-uscourts	gov.uscourts.mnd.110101.pdf	1	2412542	57786208	0.000050	-
ia-uscourts	gov.uscourts.mnd.111442.pdf	1	4411750	79090792	0.000887	-
ia-uscourts	gov.uscourts.mnd.113505.pdf	1	5170166	92261250	0.000355	-
ia-uscourts	gov.uscourts.mnd.116615.pdf	1	4093375	67773583	0.001075	-
ia-uscourts	gov.uscourts.mnd.138153.pdf	1	48683416	109729000	0.018496	-
ia-uscourts	gov.uscourts.mnd.142807.pdf	1	6148083	68868625	0.001168	-
ia-uscourts	gov.uscourts.mnd.149603.pdf	1	6093958	80051041	0.000751	-
ia-uscourts	gov.uscourts.mnd.156758.pdf	1	6383791	82000250	0.000091	-
ia-uscourts	gov.uscourts.mnd.221307.pdf	1	3605750	58523917	0.002994	-
ia-uscourts	gov.uscourts.mnd.234679.pdf	1	10121208	49562792	0.000035	-
ia-uscourts	gov.uscourts.mnd.85044.pdf	1	3557000	61646250	0.000914	-
ia-uscourts	gov.uscourts.mnd.96449.pdf	1	3721542	61538209	0.000039	-
ia-uscourts	gov.uscourts.moed.156745.pdf	1	39784041	128190333	0.003507	-
ia-uscourts	gov.uscourts.moed.158745.pdf	1	55728041	106172750	0.007070	-
ia-uscourts	gov.uscourts.moed.220526.pdf	1	10279292	72310042	0.000287	-
ia-uscourts	gov.uscourts.moed.229565.pdf	1	94273333	330987541	0.006006	-
ia-uscourts	gov.uscourts.mowb.378871.pdf	1	20098500	62031083	0.000252	-
ia-uscourts	gov.uscourts.mowd.148012.pdf	1	8256542	91344208	0.001681	-
ia-uscourts	gov.uscourts.mowd.173123.pdf	1	6727083	60948334	0.000879	-
ia-uscourts	gov.uscourts.mowd.67155.pdf	1	4015833	67994083	0.002395	-
ia-uscourts	gov.uscourts.msnb.180080.pdf	1	110393042	140308250	0.009324	-
ia-uscourts	gov.uscourts.msnd.28248.pdf	1	6067833	80600291	0.000268	-
ia-uscourts	gov.uscourts.msnd.3317.pdf	1	9163625	57059166	0.000157	-
ia-uscourts	gov.uscourts.mssd.116416.pdf	1	8030084	62273667	0.000000	-
ia-uscourts	gov.uscourts.mssd.131014.pdf	1	8021541	68702875	0.000264	-
ia-uscourts	gov.uscourts.mssd.41369.pdf	1	14966667	57760750	0.000130	-
ia-uscourts	gov.uscourts.mssd.50406.pdf	1	18634167	82708500	0.000010	-
ia-uscourts	gov.uscourts.mssd.52880.pdf	1	6470917	42517958	0.000006	-
ia-uscourts	gov.uscourts.mssd.53905.pdf	1	14228375	84716708	0.001048	-
ia-uscourts	gov.uscourts.mssd.55299.pdf	1	10836917	58442041	0.000023	-
ia-uscourts	gov.uscourts.mssd.56342.pdf	1	23745250	78469583	0.000010	-
ia-uscourts	gov.uscourts.mssd.57771.pdf	1	7681084	56372458	0.000161	-
ia-uscourts	gov.uscourts.mssd.69108.pdf	1	6554916	41339917	0.000025	-
ia-uscourts	gov.uscourts.mssd.76397.pdf	1	6803791	83460042	0.001774	-
ia-uscourts	gov.uscourts.nced.111008.pdf	1	34728958	79843000	0.000010	-
ia-uscourts	gov.uscourts.nced.112167.pdf	1	63138708	107158459	0.010053	-
ia-uscourts	gov.uscourts.nced.112866.pdf	1	67806125	80331250	0.000122	-
ia-uscourts	gov.uscourts.nced.132420.pdf	1	40424458	114910416	0.002690	-
ia-uscourts	gov.uscourts.nced.209895.pdf	1	19042959	104376500	0.000025	-
ia-uscourts	gov.uscourts.ncwd.44785.pdf	1	8570250	58307375	0.000691	-
ia-uscourts	gov.uscourts.ned.51346.pdf	1	16961875	79144416	0.000582	-
ia-uscourts	gov.uscourts.njb.1128424.pdf	1	21185875	66987458	0.000089	-
ia-uscourts	gov.uscourts.njb.1144114.pdf	1	9472292	96088750	0.001091	-
ia-uscourts	gov.uscourts.njd.194336.pdf	1	12355208	59389083	0.000359	-
ia-uscourts	gov.uscourts.njd.197706.pdf	1	10671833	51920542	0.000093	-
ia-uscourts	gov.uscourts.njd.235209.pdf	1	6287917	73279792	0.000633	-
ia-uscourts	gov.uscourts.njd.586580.pdf	1	9706667	72434000	0.000328	-
ia-uscourts	gov.uscourts.nmd.280370.pdf	1	5294541	73991792	0.000687	-
ia-uscourts	gov.uscourts.nmd.554681.pdf	1	43694417	105465084	0.004141	-
ia-uscourts	gov.uscourts.nvb.429816.pdf	1	8558417	98348292	0.001442	-
ia-uscourts	gov.uscourts.nvd.135540.pdf	1	11088708	81968875	0.000483	-
ia-uscourts	gov.uscourts.nvd.178371.pdf	1	12636542	95853542	0.000322	-
ia-uscourts	gov.uscourts.nvd.178703.pdf	1	10761166	84182584	0.005810	-
ia-uscourts	gov.uscourts.nvd.180182.pdf	1	8294791	97791083	0.001083	-
ia-uscourts	gov.uscourts.nvd.180235.pdf	1	56890459	123368042	0.004361	-
ia-uscourts	gov.uscourts.nvd.180440.pdf	1	8257750	98136834	0.002038	-
ia-uscourts	gov.uscourts.nvd.180615.pdf	1	6052542	56268334	0.003938	-
ia-uscourts	gov.uscourts.nvd.181244.pdf	1	9001417	83859000	0.000107	-
ia-uscourts	gov.uscourts.nvd.181601.pdf	1	11386917	84278500	0.005013	-
ia-uscourts	gov.uscourts.nvd.181731.pdf	1	13071458	73003375	0.000825	-
ia-uscourts	gov.uscourts.nvd.181923.pdf	1	9573125	66440750	0.000425	-
ia-uscourts	gov.uscourts.nvd.181947.pdf	1	11779542	78139958	0.000361	-
ia-uscourts	gov.uscourts.nvd.182287.pdf	1	9726292	75766875	0.003544	-
ia-uscourts	gov.uscourts.nvd.182400.pdf	1	10774125	78652041	0.000355	-
ia-uscourts	gov.uscourts.nvd.182548.pdf	1	10833917	78176584	0.003458	-
ia-uscourts	gov.uscourts.nvd.182717.pdf	1	9076458	73707500	0.000332	-
ia-uscourts	gov.uscourts.nynd.100434.pdf	1	5067916	74985833	0.002610	-
ia-uscourts	gov.uscourts.nynd.21695.pdf	1	43639000	96301875	0.016814	-
ia-uscourts	gov.uscourts.nynd.51632.pdf	1	14884834	61404541	0.000099	-
ia-uscourts	gov.uscourts.nynd.80815.pdf	1	14130292	62894792	0.000087	-
ia-uscourts	gov.uscourts.nysb.336020.pdf	1	9208334	79348291	0.004287	-
ia-uscourts	gov.uscourts.nysd.492718.pdf	1	45555833	116460125	0.002624	-
ia-uscourts	gov.uscourts.nysd.50030.pdf	1	9735458	60742208	0.000122	-
ia-uscourts	gov.uscourts.nysd.645800.pdf	1	8353917	75377500	0.000060	-
ia-uscourts	gov.uscourts.nysd.649843.pdf	1	8202666	69971333	0.002340	-
ia-uscourts	gov.uscourts.nysd.652577.pdf	1	12910792	76707459	0.003233	-
ia-uscourts	gov.uscourts.nysd.655285.pdf	1	9053375	72341750	0.000064	-
ia-uscourts	gov.uscourts.nysd.655483.pdf	1	5257459	47479625	0.000784	-
ia-uscourts	gov.uscourts.nysd.656099.pdf	1	48038542	99025875	0.004405	-
ia-uscourts	gov.uscourts.nysd.667414.pdf	1	34686791	72263584	0.000833	-
ia-uscourts	gov.uscourts.nywd.162894.pdf	1	9159041	66258042	0.000528	-
ia-uscourts	gov.uscourts.nywd.77927.pdf	1	15417708	63374250	0.001252	-
ia-uscourts	gov.uscourts.ohsd.313572.pdf	1	8218416	58771208	0.000574	-
ia-uscourts	gov.uscourts.oknd.31458.pdf	1	6269250	78123083	0.000200	-
ia-uscourts	gov.uscourts.okwd.119138.pdf	1	27312500	100426333	0.009455	-
ia-uscourts	gov.uscourts.ord.113504.pdf	1	5115000	63355500	0.000215	-
ia-uscourts	gov.uscourts.ord.119767.pdf	1	49918000	92893541	0.003069	-
ia-uscourts	gov.uscourts.ord.194985.pdf	1	59846292	106904916	0.008052	-
ia-uscourts	gov.uscourts.ord.86951.pdf	1	2825083	59942583	0.003115	-
ia-uscourts	gov.uscourts.ord.88218.pdf	1	20253667	60625750	0.009676	-
ia-uscourts	gov.uscourts.paeb.492433.pdf	1	10369583	74290833	0.004273	-
ia-uscourts	gov.uscourts.paeb.506949.pdf	1	30398042	81114166	0.003105	-
ia-uscourts	gov.uscourts.paeb.508198.pdf	1	39193083	197648709	0.002080	-
ia-uscourts	gov.uscourts.paeb.516910.pdf	1	45273917	93587625	0.003899	-
ia-uscourts	gov.uscourts.paed.478939.pdf	1	43390833	90616708	0.005620	-
ia-uscourts	gov.uscourts.paed.514965.pdf	1	5930291	71276041	0.000378	-
ia-uscourts	gov.uscourts.paed.516601.pdf	1	5380375	65923250	0.003388	-
ia-uscourts	gov.uscourts.paed.531922.pdf	1	13239834	79851209	0.001096	-
ia-uscourts	gov.uscourts.paed.653779.pdf	1	50170834	78420833	0.001319	-
ia-uscourts	gov.uscourts.paed.657192.pdf	1	18782125	73790667	0.001162	-
ia-uscourts	gov.uscourts.pamb.264885.pdf	1	9753667	69648375	0.008215	-
ia-uscourts	gov.uscourts.pamd.108148.pdf	1	21384375	78082875	0.000136	-
ia-uscourts	gov.uscourts.pamd.112169.pdf	1	4735834	75446750	0.000118	-
ia-uscourts	gov.uscourts.pamd.115805.pdf	1	4362833	83792292	0.000190	-
ia-uscourts	gov.uscourts.pamd.57673.pdf	1	3457292	73117542	0.001048	-
ia-uscourts	gov.uscourts.pamd.59792.pdf	1	5148833	82554333	0.000347	-
ia-uscourts	gov.uscourts.pamd.75580.pdf	1	4230334	69964167	0.003974	-
ia-uscourts	gov.uscourts.pamd.86362.pdf	1	12587584	78236625	0.000881	-
ia-uscourts	gov.uscourts.pamd.90475.pdf	1	3635625	82107667	0.000169	-
ia-uscourts	gov.uscourts.pamd.9190.pdf	1	5570416	82918083	0.001607	-
ia-uscourts	gov.uscourts.pamd.98522.pdf	1	36272917	99582500	0.012470	-
ia-uscourts	gov.uscourts.pawb.238513.pdf	1	6679209	78337291	0.000047	-
ia-uscourts	gov.uscourts.tned.116818.pdf	1	8284125	84215791	0.000340	-
ia-uscourts	gov.uscourts.tned.52464.pdf	1	21093875	70265333	0.000095	-
ia-uscourts	gov.uscourts.tnmd.61433.pdf	1	5084750	76654541	0.000041	-
ia-uscourts	gov.uscourts.txed.101290.pdf	1	14082083	87461958	0.000287	-
ia-uscourts	gov.uscourts.txed.116652.pdf	1	20949583	67380041	0.000083	-
ia-uscourts	gov.uscourts.txed.246925.pdf	1	6886208	61185042	0.000569	-
ia-uscourts	gov.uscourts.txed.246962.pdf	1	6781584	79258000	0.005595	-
ia-uscourts	gov.uscourts.txed.247045.pdf	1	6734625	57511500	0.000485	-
ia-uscourts	gov.uscourts.txnd.218305.pdf	1	24482500	111186083	0.017940	-
ia-uscourts	gov.uscourts.txnd.346864.pdf	1	22946917	80021125	0.006602	-
ia-uscourts	gov.uscourts.txsb.464880.pdf	1	11330458	71923250	0.000611	-
ia-uscourts	gov.uscourts.txsd.1208490.pdf	1	6854416	87687916	0.000210	-
ia-uscourts	gov.uscourts.txsd.1677780.pdf	1	24143958	106365292	0.016187	-
ia-uscourts	gov.uscourts.txsd.2092352.pdf	1	76174208	96397709	0.003155	-
ia-uscourts	gov.uscourts.txwd.1172868232.pdf	1	11355417	77021125	0.000138	-
ia-uscourts	gov.uscourts.txwd.1172871060.pdf	1	37268959	77913041	0.000083	-
ia-uscourts	gov.uscourts.txwd.1172879353.pdf	1	41684125	72879125	0.000083	-
ia-uscourts	gov.uscourts.txwd.1172884961.pdf	1	43098625	63184500	0.000033	-
ia-uscourts	gov.uscourts.txwd.1172886209.pdf	1	35146667	69772125	0.000093	-
ia-uscourts	gov.uscourts.txwd.1172886301.pdf	1	12479500	66622250	0.000338	-
ia-uscourts	gov.uscourts.txwd.1172888521.pdf	1	41166958	74609000	0.000083	-
ia-uscourts	gov.uscourts.txwd.1172889819.pdf	1	44618208	61506791	0.000031	-
ia-uscourts	gov.uscourts.txwd.1172889923.pdf	1	41638375	73546584	0.000083	-
ia-uscourts	gov.uscourts.txwd.1172893517.pdf	1	38554792	76381042	0.000025	-
ia-uscourts	gov.uscourts.txwd.1172893532.pdf	1	36110292	75252667	0.000045	-
ia-uscourts	gov.uscourts.txwd.1172895037.pdf	1	37476792	79469709	0.000083	-
ia-uscourts	gov.uscourts.txwd.1172897666.pdf	1	39219083	73923750	0.000083	-
ia-uscourts	gov.uscourts.txwd.1172897700.pdf	1	41254375	73791584	0.000083	-
ia-uscourts	gov.uscourts.txwd.1172899059.pdf	1	42093541	78073542	0.000000	-
ia-uscourts	gov.uscourts.txwd.1172899110.pdf	1	44240291	75129375	0.000045	-
ia-uscourts	gov.uscourts.txwd.1172899880.pdf	1	20035083	79837916	0.001826	-
ia-uscourts	gov.uscourts.txwd.1172901518.pdf	1	10666500	65420708	0.000000	-
ia-uscourts	gov.uscourts.txwd.1172902263.pdf	1	45570959	78238042	0.000563	-
ia-uscourts	gov.uscourts.txwd.1172906686.pdf	1	33974041	78271750	0.000087	-
ia-uscourts	gov.uscourts.txwd.1172907976.pdf	1	38479167	81137458	0.000083	-
ia-uscourts	gov.uscourts.txwd.1172908550.pdf	1	10952250	76639375	0.000000	-
ia-uscourts	gov.uscourts.txwd.1172909779.pdf	1	35998000	74894500	0.000188	-
ia-uscourts	gov.uscourts.txwd.1172909820.pdf	1	49005000	78407292	0.000035	-
ia-uscourts	gov.uscourts.txwd.1172909828.pdf	1	41403375	79985334	0.000000	-
ia-uscourts	gov.uscourts.txwd.1172909918.pdf	1	41968125	77739750	0.000619	-
ia-uscourts	gov.uscourts.txwd.1172912930.pdf	1	51500333	78002917	0.000128	-
ia-uscourts	gov.uscourts.txwd.1172913087.pdf	1	50091709	87019250	0.000128	-
ia-uscourts	gov.uscourts.txwd.1172913869.pdf	1	18039625	69278333	0.000023	-
ia-uscourts	gov.uscourts.txwd.1172916450.pdf	1	8229750	81654125	0.000165	-
ia-uscourts	gov.uscourts.vaeb.554034.pdf	1	22516708	114087791	0.012843	-
ia-uscourts	gov.uscourts.vawb.279521.pdf	1	45709917	94146250	0.006346	-
ia-uscourts	gov.uscourts.vtd.28235.pdf	1	5161500	72852291	0.000157	-
ia-uscourts	gov.uscourts.wawd.256173.pdf	1	5549208	67384709	0.000025	-
ia-uscourts	gov.uscourts.wawd.310790.pdf	1	10912708	51929291	0.000037	-
ia-uscourts	gov.uscourts.wied.56027.pdf	1	9223666	55058250	0.000390	-
ia-uscourts	gov.uscourts.wied.58190.pdf	1	27666083	68777583	0.000303	-
ia-uscourts	gov.uscourts.wiwd.1287.pdf	1	21115875	67399625	0.000807	-
ia-uscourts	gov.uscourts.wiwd.32863.pdf	1	5274083	50456583	0.000008	-
ia-uscourts	gov.uscourts.wiwd.36270.pdf	1	76857042	304232917	0.000000	-
ia-uscourts	gov.uscourts.wiwd.38533.pdf	1	17348916	57965917	0.000089	-
ia-uscourts	gov.uscourts.wiwd.53293.pdf	1	8254833	67570958	0.000000	-
ia-uscourts	gov.uscourts.wvnd.48494.pdf	1	54959166	113610417	0.004846	-
ia-uscourts	gov.uscourts.wvsb.110969.pdf	1	18520250	102168917	0.006398	-
ia-uscourts	gov.uscourts.wvsd.181551.pdf	1	7172208	79786125	0.002026	-
ia-uscourts	gov.uscourts.wvsd.206468.pdf	1	22686042	78248125	0.008205	-
ia-uscourts	gov.uscourts.wvsd.35176.pdf	1	5962333	74020125	0.000021	-
ia-uscourts	gov.uscourts.wvsd.60176.pdf	1	6625584	79360625	0.000087	-
ia-uscourts	gov.uscourts.wvsd.62483.pdf	1	45189250	107647625	0.017833	-
ia-uscourts	gov.uscourts.wvsd.66713.pdf	1	11602666	90524875	0.003924	-
ia-uscourts	gov.uscourts.wvsd.85676.pdf	1	10645167	86434500	0.001116	-
